/*
Navicat MySQL Data Transfer

Source Server         : root
Source Server Version : 50627
Source Host           : localhost:3306
Source Database       : shop

Target Server Type    : MYSQL
Target Server Version : 50627
File Encoding         : 65001

Date: 2016-06-08 00:24:24
*/

SET FOREIGN_KEY_CHECKS=0;

-- ----------------------------
-- Table structure for adminuser
-- ----------------------------
DROP TABLE IF EXISTS `adminuser`;
CREATE TABLE `adminuser` (
  `uid` int(11) NOT NULL AUTO_INCREMENT,
  `username` varchar(255) DEFAULT NULL,
  `password` varchar(255) DEFAULT NULL,
  PRIMARY KEY (`uid`)
) ENGINE=InnoDB AUTO_INCREMENT=4 DEFAULT CHARSET=utf8;

-- ----------------------------
-- Records of adminuser
-- ----------------------------
INSERT INTO `adminuser` VALUES ('3', 'admin', 'admin');

-- ----------------------------
-- Table structure for category
-- ----------------------------
DROP TABLE IF EXISTS `category`;
CREATE TABLE `category` (
  `cid` int(11) NOT NULL AUTO_INCREMENT,
  `cname` varchar(255) DEFAULT NULL,
  PRIMARY KEY (`cid`)
) ENGINE=InnoDB AUTO_INCREMENT=11 DEFAULT CHARSET=utf8;

-- ----------------------------
-- Records of category
-- ----------------------------
INSERT INTO `category` VALUES ('1', '男装女装');
INSERT INTO `category` VALUES ('2', '鞋靴箱包');
INSERT INTO `category` VALUES ('3', '运动户外');
INSERT INTO `category` VALUES ('4', '珠宝配饰');
INSERT INTO `category` VALUES ('5', '手机数码');
INSERT INTO `category` VALUES ('6', '家电办公');
INSERT INTO `category` VALUES ('7', '护肤彩妆');
INSERT INTO `category` VALUES ('10', '家居饰品');

-- ----------------------------
-- Table structure for categorysecond
-- ----------------------------
DROP TABLE IF EXISTS `categorysecond`;
CREATE TABLE `categorysecond` (
  `csid` int(11) NOT NULL AUTO_INCREMENT,
  `csname` varchar(255) DEFAULT NULL,
  `cid` int(11) DEFAULT NULL,
  PRIMARY KEY (`csid`),
  KEY `FK936FCAF21DB1FD15` (`cid`),
  CONSTRAINT `FK936FCAF21DB1FD15` FOREIGN KEY (`cid`) REFERENCES `category` (`cid`)
) ENGINE=InnoDB AUTO_INCREMENT=37 DEFAULT CHARSET=utf8;

-- ----------------------------
-- Records of categorysecond
-- ----------------------------
INSERT INTO `categorysecond` VALUES ('1', '潮流女装', '1');
INSERT INTO `categorysecond` VALUES ('2', '初冬羽绒', '1');
INSERT INTO `categorysecond` VALUES ('3', '毛呢大衣', '1');
INSERT INTO `categorysecond` VALUES ('4', '温暖毛衣', '1');
INSERT INTO `categorysecond` VALUES ('5', '精选男装', '1');
INSERT INTO `categorysecond` VALUES ('6', '冬季外套', '1');
INSERT INTO `categorysecond` VALUES ('7', '羽绒服', '1');
INSERT INTO `categorysecond` VALUES ('9', '女鞋', '2');
INSERT INTO `categorysecond` VALUES ('10', '短靴', '2');
INSERT INTO `categorysecond` VALUES ('11', '男鞋', '2');
INSERT INTO `categorysecond` VALUES ('12', '女包', '2');
INSERT INTO `categorysecond` VALUES ('13', '男包', '2');
INSERT INTO `categorysecond` VALUES ('14', '服饰配件', '2');
INSERT INTO `categorysecond` VALUES ('15', '运动鞋', '3');
INSERT INTO `categorysecond` VALUES ('16', '运动服', '3');
INSERT INTO `categorysecond` VALUES ('17', '户外运动', '3');
INSERT INTO `categorysecond` VALUES ('18', '健身装备', '3');
INSERT INTO `categorysecond` VALUES ('19', '骑行装备', '3');
INSERT INTO `categorysecond` VALUES ('20', '珠宝首饰', '4');
INSERT INTO `categorysecond` VALUES ('21', '时尚饰品', '4');
INSERT INTO `categorysecond` VALUES ('22', '品质手表', '4');
INSERT INTO `categorysecond` VALUES ('23', '眼镜配饰', '4');
INSERT INTO `categorysecond` VALUES ('24', '手机', '5');
INSERT INTO `categorysecond` VALUES ('25', '平板', '5');
INSERT INTO `categorysecond` VALUES ('26', '电脑', '5');
INSERT INTO `categorysecond` VALUES ('27', '相机', '5');
INSERT INTO `categorysecond` VALUES ('28', '大家电', '6');
INSERT INTO `categorysecond` VALUES ('29', '厨房电器', '6');
INSERT INTO `categorysecond` VALUES ('30', '生活电器', '6');
INSERT INTO `categorysecond` VALUES ('31', '个户电器', '6');
INSERT INTO `categorysecond` VALUES ('32', '办公耗材', '6');
INSERT INTO `categorysecond` VALUES ('33', '美容护肤', '7');
INSERT INTO `categorysecond` VALUES ('34', '强效保养', '7');
INSERT INTO `categorysecond` VALUES ('35', '超值彩妆', '7');
INSERT INTO `categorysecond` VALUES ('36', '换季保养', '7');

-- ----------------------------
-- Table structure for orderitem
-- ----------------------------
DROP TABLE IF EXISTS `orderitem`;
CREATE TABLE `orderitem` (
  `itemid` int(11) NOT NULL AUTO_INCREMENT,
  `count` int(11) DEFAULT NULL,
  `subtotal` double DEFAULT NULL,
  `pid` int(11) DEFAULT NULL,
  `oid` int(11) DEFAULT NULL,
  PRIMARY KEY (`itemid`),
  KEY `FKE8B2AB6166C01961` (`oid`),
  KEY `FKE8B2AB6171DB7AE4` (`pid`),
  KEY `FKE8B2AB6140ACF87A` (`oid`),
  CONSTRAINT `FKE8B2AB6140ACF87A` FOREIGN KEY (`oid`) REFERENCES `orders` (`oid`),
  CONSTRAINT `FKE8B2AB6171DB7AE4` FOREIGN KEY (`pid`) REFERENCES `product` (`pid`)
) ENGINE=InnoDB AUTO_INCREMENT=60 DEFAULT CHARSET=utf8;

-- ----------------------------
-- Records of orderitem
-- ----------------------------
INSERT INTO `orderitem` VALUES ('17', '1', '119', '5', '9004');
INSERT INTO `orderitem` VALUES ('18', '1', '119', '5', '9005');
INSERT INTO `orderitem` VALUES ('19', '1', '119', '5', '9006');
INSERT INTO `orderitem` VALUES ('20', '1', '119', '5', '9007');
INSERT INTO `orderitem` VALUES ('21', '1', '119', '5', '9008');
INSERT INTO `orderitem` VALUES ('22', '1', '119', '5', '9009');
INSERT INTO `orderitem` VALUES ('23', '1', '119', '5', '9010');
INSERT INTO `orderitem` VALUES ('24', '1', '119', '5', '9011');
INSERT INTO `orderitem` VALUES ('25', '1', '119', '5', '9012');
INSERT INTO `orderitem` VALUES ('26', '2', '238', '5', '9013');
INSERT INTO `orderitem` VALUES ('27', '1', '119', '6', '9013');
INSERT INTO `orderitem` VALUES ('28', '1', '119', '6', '9014');
INSERT INTO `orderitem` VALUES ('29', '2', '238', '5', '9014');
INSERT INTO `orderitem` VALUES ('30', '1', '9900', '11', '9014');
INSERT INTO `orderitem` VALUES ('31', '1', '119', '5', '9015');
INSERT INTO `orderitem` VALUES ('32', '1', '9900', '12', '9016');
INSERT INTO `orderitem` VALUES ('33', '1', '172', '2', '9017');
INSERT INTO `orderitem` VALUES ('34', '1', '358', '46', '9018');
INSERT INTO `orderitem` VALUES ('35', '1', '358', '42', '9019');
INSERT INTO `orderitem` VALUES ('36', '1', '186', '33', '9020');
INSERT INTO `orderitem` VALUES ('37', '2', '238', '5', '9021');
INSERT INTO `orderitem` VALUES ('38', '1', '186', '34', '9022');
INSERT INTO `orderitem` VALUES ('39', '1', '358', '46', '9023');
INSERT INTO `orderitem` VALUES ('40', '1', '358', '45', '9024');
INSERT INTO `orderitem` VALUES ('41', '1', '590', '7', '9025');
INSERT INTO `orderitem` VALUES ('42', '1', '119', '5', '9025');
INSERT INTO `orderitem` VALUES ('43', '1', '358', '48', '9026');
INSERT INTO `orderitem` VALUES ('44', '1', '358', '45', '9027');
INSERT INTO `orderitem` VALUES ('45', '1', '198', '21', '9028');
INSERT INTO `orderitem` VALUES ('46', '1', '119', '5', '9029');
INSERT INTO `orderitem` VALUES ('47', '1', '9900', '19', '9029');
INSERT INTO `orderitem` VALUES ('48', '1', '172', '2', '9030');
INSERT INTO `orderitem` VALUES ('49', '1', '299', '56', '9031');
INSERT INTO `orderitem` VALUES ('50', '1', '158', '10', '9032');
INSERT INTO `orderitem` VALUES ('51', '1', '119', '5', '9033');
INSERT INTO `orderitem` VALUES ('52', '1', '186', '41', '9034');
INSERT INTO `orderitem` VALUES ('53', '1', '119', '5', '9035');
INSERT INTO `orderitem` VALUES ('54', '1', '228', '1', '9036');
INSERT INTO `orderitem` VALUES ('55', '1', '172', '2', '9037');
INSERT INTO `orderitem` VALUES ('56', '1', '119', '3', '9038');
INSERT INTO `orderitem` VALUES ('57', '1', '119', '9', '9039');
INSERT INTO `orderitem` VALUES ('58', '1', '158', '10', '9039');
INSERT INTO `orderitem` VALUES ('59', '1', '9900', '11', '9039');

-- ----------------------------
-- Table structure for orders
-- ----------------------------
DROP TABLE IF EXISTS `orders`;
CREATE TABLE `orders` (
  `oid` int(11) NOT NULL AUTO_INCREMENT,
  `total` double DEFAULT NULL,
  `ordertime` datetime DEFAULT NULL,
  `state` int(11) DEFAULT NULL,
  `name` varchar(20) DEFAULT NULL,
  `phone` varchar(20) DEFAULT NULL,
  `addr` varchar(50) DEFAULT NULL,
  `uid` int(11) DEFAULT NULL,
  PRIMARY KEY (`oid`),
  KEY `FKC3DF62E5AA3D9C7` (`uid`),
  CONSTRAINT `FKC3DF62E5AA3D9C7` FOREIGN KEY (`uid`) REFERENCES `user` (`uid`)
) ENGINE=InnoDB AUTO_INCREMENT=9040 DEFAULT CHARSET=utf8;

-- ----------------------------
-- Records of orders
-- ----------------------------
INSERT INTO `orders` VALUES ('9004', '119', '2016-04-27 13:37:30', '1', null, null, null, '10');
INSERT INTO `orders` VALUES ('9005', '119', '2016-04-27 13:52:51', '1', null, null, null, '10');
INSERT INTO `orders` VALUES ('9006', '119', '2016-04-27 13:57:00', '1', null, null, null, '10');
INSERT INTO `orders` VALUES ('9007', '119', '2016-04-27 13:58:21', '1', null, null, null, '10');
INSERT INTO `orders` VALUES ('9008', '119', '2016-04-27 13:58:23', '1', null, null, null, '10');
INSERT INTO `orders` VALUES ('9009', '119', '2016-04-27 13:58:26', '1', null, null, null, '10');
INSERT INTO `orders` VALUES ('9010', '119', '2016-04-27 14:02:05', '1', null, null, null, '10');
INSERT INTO `orders` VALUES ('9011', '119', '2016-04-27 14:04:17', '1', null, null, null, '10');
INSERT INTO `orders` VALUES ('9012', '119', '2016-04-27 15:38:58', '1', null, null, null, '10');
INSERT INTO `orders` VALUES ('9013', '357', '2016-04-27 15:39:25', '1', null, null, null, '10');
INSERT INTO `orders` VALUES ('9014', '10257', '2016-04-27 15:39:35', '1', '刘备', '18238736842', '北京市通州区光明路阳光小区23号', '10');
INSERT INTO `orders` VALUES ('9015', '119', '2016-04-27 15:44:11', '1', null, null, null, '10');
INSERT INTO `orders` VALUES ('9016', '9900', '2016-04-27 15:44:20', '1', null, null, null, '10');
INSERT INTO `orders` VALUES ('9017', '172', '2016-04-27 15:44:24', '1', null, null, null, '10');
INSERT INTO `orders` VALUES ('9018', '358', '2016-04-27 15:44:34', '1', null, null, null, '10');
INSERT INTO `orders` VALUES ('9019', '358', '2016-04-27 15:44:45', '1', null, null, null, '10');
INSERT INTO `orders` VALUES ('9020', '186', '2016-04-27 15:44:59', '1', '刘备', '18238736842', '北京市通州区光明路阳光小区23号', '10');
INSERT INTO `orders` VALUES ('9021', '238', '2016-04-27 15:58:16', '1', null, null, null, '10');
INSERT INTO `orders` VALUES ('9022', '186', '2016-04-27 16:28:04', '1', null, null, null, '10');
INSERT INTO `orders` VALUES ('9023', '358', '2016-04-27 17:11:33', '1', null, null, null, '12');
INSERT INTO `orders` VALUES ('9024', '358', '2016-04-27 17:46:33', '1', null, null, null, '12');
INSERT INTO `orders` VALUES ('9025', '709', '2016-04-27 17:47:01', '1', '汤姆', '13587349284', '南通市通州区东海大道88号', '12');
INSERT INTO `orders` VALUES ('9026', '358', '2016-04-27 18:02:19', '1', '刘备', '18238736842', '北京市通州区光明路阳光小区23号', '10');
INSERT INTO `orders` VALUES ('9027', '358', '2016-04-27 18:15:13', '1', null, null, null, '12');
INSERT INTO `orders` VALUES ('9028', '198', '2016-04-28 00:27:00', '3', '汤姆', '13587349284', '南通市通州区东海大道88号', '12');
INSERT INTO `orders` VALUES ('9029', '10019', '2016-04-28 22:06:47', '1', '汤姆', '13587349284', '南通市通州区东海大道88号', '12');
INSERT INTO `orders` VALUES ('9030', '172', '2016-04-28 22:07:11', '2', '汤姆', '13587349284', '南通市通州区东海大道88号', '12');
INSERT INTO `orders` VALUES ('9031', '299', '2016-04-28 22:07:51', '1', '汤姆', '13587349284', '南通市通州区东海大道88号', '12');
INSERT INTO `orders` VALUES ('9032', '158', '2016-04-28 22:10:36', '2', '小明', '18965453446', '安徽省合肥市南京路阳光小区88号', '13');
INSERT INTO `orders` VALUES ('9033', '119', '2016-04-28 22:15:33', '1', '小明', '18965453446', '安徽省合肥市南京路阳光小区88号', '13');
INSERT INTO `orders` VALUES ('9034', '186', '2016-04-28 22:16:49', '4', '小明', '18965453446', '安徽省合肥市南京路阳光小区88号', '13');
INSERT INTO `orders` VALUES ('9035', '119', '2016-04-29 22:36:49', '1', null, null, null, '13');
INSERT INTO `orders` VALUES ('9036', '228', '2016-04-29 23:11:47', '1', null, null, null, '13');
INSERT INTO `orders` VALUES ('9037', '172', '2016-04-29 23:11:51', '1', null, null, null, '13');
INSERT INTO `orders` VALUES ('9038', '119', '2016-04-29 23:11:54', '1', null, null, null, '13');
INSERT INTO `orders` VALUES ('9039', '10177', '2016-04-29 23:12:24', '4', '小明', '18965453446', '安徽省合肥市南京路阳光小区88号', '13');

-- ----------------------------
-- Table structure for product
-- ----------------------------
DROP TABLE IF EXISTS `product`;
CREATE TABLE `product` (
  `pid` int(11) NOT NULL AUTO_INCREMENT,
  `pname` varchar(255) DEFAULT NULL,
  `market_price` double DEFAULT NULL,
  `shop_price` double DEFAULT NULL,
  `image` varchar(255) DEFAULT NULL,
  `pdesc` varchar(255) DEFAULT NULL,
  `is_hot` int(11) DEFAULT NULL,
  `pdate` datetime DEFAULT NULL,
  `csid` int(11) DEFAULT NULL,
  PRIMARY KEY (`pid`),
  KEY `FKED8DCCEFB9B74E02` (`csid`),
  CONSTRAINT `FKED8DCCEFB9B74E02` FOREIGN KEY (`csid`) REFERENCES `categorysecond` (`csid`)
) ENGINE=InnoDB AUTO_INCREMENT=72 DEFAULT CHARSET=utf8;

-- ----------------------------
-- Records of product
-- ----------------------------
INSERT INTO `product` VALUES ('1', '韩版连帽加厚毛衣女外套', '558', '228', 'products/1/cs10001.jpg', '双11限量200件，拍完下架，加车享优惠，早下手早发货。。秋冬个性中长款毛衣，美丽和温度同在！限量供应，拒绝撞衫！迫于纱线和人工在不断上涨的双重压力下，产品涨价在即！少量现货出售中，手快有，手慢等哦，赶紧抢哦，绝对高大上。', '1', '2014-11-02 20:18:00', '1');
INSERT INTO `product` VALUES ('2', '女装立领长袖拼接PU皮毛呢外套', '436', '172', 'products/1/cs10002.jpg', '【现在拍下并支付定金，即可获得双12当天10元无门槛优惠券一张。注：只限有预付定金款~优惠券统一在12月11号发放】 毛呢外套 整洁干练的长款版型 整个肩部给予皮绒拼接 与毛呢一起撑起品质感 立领 长袖 肩部往下做流行加层拼接 一粒扣收合门襟 特意做的夹棉里层（袖里无） 不必再畏惧冷冽寒风', '0', '2014-11-04 20:18:00', '1');
INSERT INTO `product` VALUES ('3', '韩版女装翻领羔绒夹棉格子毛呢外套', '238', '119', 'products/1/cs10003.jpg', '外套款。 称为棉衣也不为过 或者因为它的表层毛呢　称呼为毛呢外套 ｙａｎｇ　羔绒位于翻领及袖口 从视觉着手　带来温暖无限 夹棉里衬（袖里也有）再次提升御寒功能 流行元素上　选择红黑格纹理　大气而又经典 金属拉链开叉　插袋自不会少', '0', '2014-10-01 20:18:00', '1');
INSERT INTO `product` VALUES ('4', '韩版女装翻领羔绒夹棉格子毛呢外套', '238', '119', 'products/1/cs10004.jpg', '外套款。 称为棉衣也不为过 或者因为它的表层毛呢　称呼为毛呢外套 ｙａｎｇ　羔绒位于翻领及袖口 从视觉着手　带来温暖无限 夹棉里衬（袖里也有）再次提升御寒功能 流行元素上　选择红黑格纹理　大气而又经典 金属拉链开叉　插袋自不会少', '0', '2014-12-07 20:18:00', '1');
INSERT INTO `product` VALUES ('5', '韩版女装翻领羔绒夹棉格子毛呢外套', '238', '119', 'products/1/cs10005.jpg', '外套款。 称为棉衣也不为过 或者因为它的表层毛呢　称呼为毛呢外套 ｙａｎｇ　羔绒位于翻领及袖口 从视觉着手　带来温暖无限 夹棉里衬（袖里也有）再次提升御寒功能 流行元素上　选择红黑格纹理　大气而又经典 金属拉链开叉　插袋自不会少', '0', '2014-11-02 20:18:00', '1');
INSERT INTO `product` VALUES ('6', '冬装韩版女装翻领羔绒夹棉格子毛呢外套', '238', '119', 'products/1/cs10006.jpg', '外套款。 称为棉衣也不为过 或者因为它的表层毛呢　称呼为毛呢外套 ｙａｎｇ　羔绒位于翻领及袖口 从视觉着手　带来温暖无限 夹棉里衬（袖里也有）再次提升御寒功能 流行元素上　选择红黑格纹理　大气而又经典 金属拉链开叉　插袋自不会少', '0', '2014-11-10 15:18:00', '1');
INSERT INTO `product` VALUES ('7', '新款优雅奢华毛领白鸭绒轻薄羽绒服', '1120', '590', 'products/1/cs10007.jpg', '秋冬热卖款，今日特惠！库存有限，卖完即止！喜欢的赶紧出手哦！', '0', '2014-11-03 20:18:00', '1');
INSERT INTO `product` VALUES ('8', '秋冬季毛呢外套女中长款圆领小香风呢子大衣', '672', '336', 'products/1/cs10008.jpg', '【双12预售】双12提前开抢，11月24日—12月11日抢先付预付款33.6元，12月12日付剩余尾款，先付先发货，提前引爆双12！！！买就【送】双十二10元无门槛优惠券！！！商家【赠】运费险！！！', '0', '2014-11-03 20:18:00', '1');
INSERT INTO `product` VALUES ('9', '女装貉子毛大衣 时尚修身长袖淑女毛呢外套', '238', '119', 'products/1/cs10009.jpg', '秋冬热卖款，今日特惠！库存有限，卖完即止！喜欢的赶紧出手哦！', '0', '2014-11-03 20:18:00', '1');
INSERT INTO `product` VALUES ('10', '修身显瘦淑女针织长袖打底连衣裙女', '356', '158', 'products/1/cs10010.jpg', '【1212万能盛典预售抢先购,早买早便宜！】定金15.80元，预售价158.00元，双12价涨价至178.00元!', '0', '2014-11-03 20:18:00', '1');
INSERT INTO `product` VALUES ('11', '整貂皮大衣外套中长款收腰立领长袖进口真皮草裘皮', '19800', '9900', 'products/1/cs20001.jpg', '采用100%进口小母貂 毛皮结实柔软毛峰更有光泽 保暖效果极强。　 【正品保证】我们承诺100%整皮水貂 假一罚十 支持验货 无理由退换货 【售后保障】终身免费保养维修', '0', '2014-11-03 20:18:00', '2');
INSERT INTO `product` VALUES ('12', '整貂皮大衣外套中长款收腰立领长袖进口真皮草裘皮', '19800', '9900', 'products/1/cs20002.jpg', '采用100%进口小母貂 毛皮结实柔软毛峰更有光泽 保暖效果极强。　 【正品保证】我们承诺100%整皮水貂 假一罚十 支持验货 无理由退换货 【售后保障】终身免费保养维修', '0', '2014-11-03 20:18:00', '2');
INSERT INTO `product` VALUES ('13', '整貂皮大衣外套中长款收腰立领长袖进口真皮草裘皮', '19800', '9900', 'products/1/cs20003.jpg', '采用100%进口小母貂 毛皮结实柔软毛峰更有光泽 保暖效果极强。　 【正品保证】我们承诺100%整皮水貂 假一罚十 支持验货 无理由退换货 【售后保障】终身免费保养维修', '0', '2014-11-03 20:18:00', '2');
INSERT INTO `product` VALUES ('14', '整貂皮大衣外套中长款收腰立领长袖进口真皮草裘皮', '19800', '9900', 'products/1/cs20004.jpg', '采用100%进口小母貂 毛皮结实柔软毛峰更有光泽 保暖效果极强。　 【正品保证】我们承诺100%整皮水貂 假一罚十 支持验货 无理由退换货 【售后保障】终身免费保养维修', '0', '2014-11-03 20:18:00', '2');
INSERT INTO `product` VALUES ('15', '整貂皮大衣外套中长款收腰立领长袖进口真皮草裘皮', '19800', '9900', 'products/1/cs20005.jpg', '采用100%进口小母貂 毛皮结实柔软毛峰更有光泽 保暖效果极强。　 【正品保证】我们承诺100%整皮水貂 假一罚十 支持验货 无理由退换货 【售后保障】终身免费保养维修', '0', '2014-11-03 20:18:00', '2');
INSERT INTO `product` VALUES ('16', '整貂皮大衣外套中长款收腰立领长袖进口真皮草裘皮', '19800', '9900', 'products/1/cs20006.jpg', '采用100%进口小母貂 毛皮结实柔软毛峰更有光泽 保暖效果极强。　 【正品保证】我们承诺100%整皮水貂 假一罚十 支持验货 无理由退换货 【售后保障】终身免费保养维修', '0', '2014-11-03 20:18:00', '2');
INSERT INTO `product` VALUES ('17', '整貂皮大衣外套中长款收腰立领长袖进口真皮草裘皮', '19800', '9900', 'products/1/cs20007.jpg', '采用100%进口小母貂 毛皮结实柔软毛峰更有光泽 保暖效果极强。　 【正品保证】我们承诺100%整皮水貂 假一罚十 支持验货 无理由退换货 【售后保障】终身免费保养维修', '0', '2014-11-03 20:18:00', '2');
INSERT INTO `product` VALUES ('18', '整貂皮大衣外套中长款收腰立领长袖进口真皮草裘皮', '19800', '9900', 'products/1/cs20008.jpg', '采用100%进口小母貂 毛皮结实柔软毛峰更有光泽 保暖效果极强。　 【正品保证】我们承诺100%整皮水貂 假一罚十 支持验货 无理由退换货 【售后保障】终身免费保养维修', '0', '2014-11-03 20:18:00', '2');
INSERT INTO `product` VALUES ('19', '整貂皮大衣外套中长款收腰立领长袖进口真皮草裘皮', '19800', '9900', 'products/1/cs20009.jpg', '采用100%进口小母貂 毛皮结实柔软毛峰更有光泽 保暖效果极强。　 【正品保证】我们承诺100%整皮水貂 假一罚十 支持验货 无理由退换货 【售后保障】终身免费保养维修', '0', '2014-10-01 20:18:00', '2');
INSERT INTO `product` VALUES ('20', '中长款貂皮大衣整貂女装', '17900', '7290', 'products/1/cs20010.jpg', '采用100%进口小母貂 毛皮结实柔软毛峰更有光泽 保暖效果极强。　 【正品保证】【售后保障】我们承诺100%整皮水貂 假一罚十 支持验货 无理由退换货', '0', '2014-11-03 20:18:00', '2');
INSERT INTO `product` VALUES ('21', '韩版毛呢外套女韩范秋冬装厚中长款冬季呢子', '598', '198', 'products/1/cs30001.png', '今年韩国首尔爆款，超高端定制羊毛呢大衣，版型超美，不挑身材，不挑年龄，上身非常漂亮哦，适合任何场合，这个秋冬MM必备款哦。几乎人手一件，美丽时尚的你怎么能少了这件呢，现秋冬预热加十一到来，只需99元包邮，只限今天，今天过后马上涨价，早买早划算哦~', '1', '2014-11-03 20:18:00', '3');
INSERT INTO `product` VALUES ('22', '韩版毛呢外套女韩范秋冬装厚中长款冬季呢子', '598', '198', 'products/1/cs30002.png', '今年韩国首尔爆款，超高端定制羊毛呢大衣，版型超美，不挑身材，不挑年龄，上身非常漂亮哦，适合任何场合，这个秋冬MM必备款哦。几乎人手一件，美丽时尚的你怎么能少了这件呢，现秋冬预热加十一到来，只需99元包邮，只限今天，今天过后马上涨价，早买早划算哦~', '0', '2014-11-03 20:18:00', '3');
INSERT INTO `product` VALUES ('23', '韩版毛呢外套女韩范秋冬装厚中长款冬季呢子', '598', '198', 'products/1/cs30003.png', '今年韩国首尔爆款，超高端定制羊毛呢大衣，版型超美，不挑身材，不挑年龄，上身非常漂亮哦，适合任何场合，这个秋冬MM必备款哦。几乎人手一件，美丽时尚的你怎么能少了这件呢，现秋冬预热加十一到来，只需99元包邮，只限今天，今天过后马上涨价，早买早划算哦~', '0', '2014-11-03 20:18:00', '3');
INSERT INTO `product` VALUES ('24', '韩版毛呢外套女韩范秋冬装厚中长款冬季呢子', '598', '198', 'products/1/cs30004.png', '今年韩国首尔爆款，超高端定制羊毛呢大衣，版型超美，不挑身材，不挑年龄，上身非常漂亮哦，适合任何场合，这个秋冬MM必备款哦。几乎人手一件，美丽时尚的你怎么能少了这件呢，现秋冬预热加十一到来，只需99元包邮，只限今天，今天过后马上涨价，早买早划算哦~', '0', '2014-11-03 20:18:00', '3');
INSERT INTO `product` VALUES ('25', '韩版毛呢外套女韩范秋冬装厚中长款冬季呢子', '598', '198', 'products/1/cs30005.png', '今年韩国首尔爆款，超高端定制羊毛呢大衣，版型超美，不挑身材，不挑年龄，上身非常漂亮哦，适合任何场合，这个秋冬MM必备款哦。几乎人手一件，美丽时尚的你怎么能少了这件呢，现秋冬预热加十一到来，只需99元包邮，只限今天，今天过后马上涨价，早买早划算哦~', '0', '2014-11-03 20:18:00', '3');
INSERT INTO `product` VALUES ('26', '韩版毛呢外套女韩范秋冬装厚中长款冬季呢子', '598', '198', 'products/1/cs30006.png', '今年韩国首尔爆款，超高端定制羊毛呢大衣，版型超美，不挑身材，不挑年龄，上身非常漂亮哦，适合任何场合，这个秋冬MM必备款哦。几乎人手一件，美丽时尚的你怎么能少了这件呢，现秋冬预热加十一到来，只需99元包邮，只限今天，今天过后马上涨价，早买早划算哦~', '0', '2014-11-03 20:18:00', '3');
INSERT INTO `product` VALUES ('27', '韩版毛呢外套女韩范秋冬装厚中长款冬季呢子', '598', '198', 'products/1/cs30007.png', '今年韩国首尔爆款，超高端定制羊毛呢大衣，版型超美，不挑身材，不挑年龄，上身非常漂亮哦，适合任何场合，这个秋冬MM必备款哦。几乎人手一件，美丽时尚的你怎么能少了这件呢，现秋冬预热加十一到来，只需99元包邮，只限今天，今天过后马上涨价，早买早划算哦~', '0', '2014-11-03 20:18:00', '3');
INSERT INTO `product` VALUES ('28', '韩版毛呢外套女韩范秋冬装厚中长款冬季呢子', '598', '198', 'products/1/cs30008.png', '今年韩国首尔爆款，超高端定制羊毛呢大衣，版型超美，不挑身材，不挑年龄，上身非常漂亮哦，适合任何场合，这个秋冬MM必备款哦。几乎人手一件，美丽时尚的你怎么能少了这件呢，现秋冬预热加十一到来，只需99元包邮，只限今天，今天过后马上涨价，早买早划算哦~', '0', '2014-11-03 20:18:00', '3');
INSERT INTO `product` VALUES ('29', '韩版毛呢外套女韩范秋冬装厚中长款冬季呢子', '598', '198', 'products/1/cs30009.png', '今年韩国首尔爆款，超高端定制羊毛呢大衣，版型超美，不挑身材，不挑年龄，上身非常漂亮哦，适合任何场合，这个秋冬MM必备款哦。几乎人手一件，美丽时尚的你怎么能少了这件呢，现秋冬预热加十一到来，只需99元包邮，只限今天，今天过后马上涨价，早买早划算哦~', '0', '2014-11-03 20:18:00', '3');
INSERT INTO `product` VALUES ('30', '韩版毛呢外套女韩范秋冬装厚中长款冬季呢子', '598', '198', 'products/1/cs30010.png', '今年韩国首尔爆款，超高端定制羊毛呢大衣，版型超美，不挑身材，不挑年龄，上身非常漂亮哦，适合任何场合，这个秋冬MM必备款哦。几乎人手一件，美丽时尚的你怎么能少了这件呢，现秋冬预热加十一到来，只需99元包邮，只限今天，今天过后马上涨价，早买早划算哦~', '0', '2014-11-10 20:18:00', '3');
INSERT INTO `product` VALUES ('31', '打底衫加厚修身羊毛衫女装羊绒衫', '387', '186', 'products/1/cs40001.png', '本产品 不起球 不掉色 不缩水 是一款贴身必备的厚款羊绒衫 质量保证支持退换', '0', '2014-11-03 20:18:00', '4');
INSERT INTO `product` VALUES ('32', '打底衫加厚修身羊毛衫女装羊绒衫', '387', '186', 'products/1/cs40002.png', '本产品 不起球 不掉色 不缩水 是一款贴身必备的厚款羊绒衫 质量保证支持退换', '0', '2014-11-03 20:18:00', '4');
INSERT INTO `product` VALUES ('33', '打底衫加厚修身羊毛衫女装羊绒衫', '387', '186', 'products/1/cs40003.png', '本产品 不起球 不掉色 不缩水 是一款贴身必备的厚款羊绒衫 质量保证支持退换', '0', '2014-11-03 20:18:00', '4');
INSERT INTO `product` VALUES ('34', '性感时尚 酷感黑色小圆领露肩修身长袖针织衫', '387', '186', 'products/1/cs40004.jpg', '本产品 不起球 不掉色 不缩水 是一款贴身必备的厚款羊绒衫 质量保证支持退换', '0', '2014-11-03 20:18:00', '4');
INSERT INTO `product` VALUES ('35', '韩版黑色打底衫加厚修身羊毛衫女装羊绒衫', '387', '186', 'products/1/cs40005.png', '本产品 不起球 不掉色 不缩水 是一款贴身必备的厚款羊绒衫 质量保证支持退换', '1', '2014-11-03 20:18:00', '4');
INSERT INTO `product` VALUES ('36', '韩版黑色打底衫加厚修身羊毛衫女装羊绒衫', '387', '186', 'products/1/cs40006.png', '本产品 不起球 不掉色 不缩水 是一款贴身必备的厚款羊绒衫 质量保证支持退换', '0', '2014-11-03 20:18:00', '4');
INSERT INTO `product` VALUES ('37', '韩版黑色打底衫加厚修身羊毛衫女装羊绒衫', '387', '186', 'products/1/cs40007.png', '本产品 不起球 不掉色 不缩水 是一款贴身必备的厚款羊绒衫 质量保证支持退换', '0', '2014-11-03 20:18:00', '4');
INSERT INTO `product` VALUES ('38', '韩版黑色打底衫加厚修身羊毛衫女装羊绒衫', '387', '186', 'products/1/cs40008.png', '本产品 不起球 不掉色 不缩水 是一款贴身必备的厚款羊绒衫 质量保证支持退换', '0', '2014-11-03 20:18:00', '4');
INSERT INTO `product` VALUES ('39', '韩版黑色打底衫加厚修身羊毛衫女装羊绒衫', '387', '186', 'products/1/cs40009.png', '本产品 不起球 不掉色 不缩水 是一款贴身必备的厚款羊绒衫 质量保证支持退换', '0', '2014-11-03 20:18:00', '4');
INSERT INTO `product` VALUES ('40', '韩版黑色打底衫加厚修身羊毛衫女装羊绒衫', '387', '186', 'products/1/cs40010.png', '本产品 不起球 不掉色 不缩水 是一款贴身必备的厚款羊绒衫 质量保证支持退换', '0', '2014-11-03 20:18:00', '4');
INSERT INTO `product` VALUES ('41', '韩版黑色打底衫加厚修身羊毛衫女装羊绒衫', '387', '186', 'products/1/cs40011.png', '本产品 不起球 不掉色 不缩水 是一款贴身必备的厚款羊绒衫 质量保证支持退换', '1', '2014-11-03 20:18:00', '4');
INSERT INTO `product` VALUES ('42', '冬装外套棉衣立领修身商务大码男装潮牌上衣', '899', '358', 'products/1/cs50001.png', '【型男卖点简介】该款凭借其独特的设计、精选的面料和一致的时尚理念，以质感都市，充满时尚感的设计风格， 简约毛呢大衣，修身不变形，不起球，国际大牌一样的面料！面料成分：77.8%聚酯纤维+22.2%粘纤 秋冬简约修身防静电呢风衣外套', '1', '2014-11-03 20:18:00', '5');
INSERT INTO `product` VALUES ('43', '冬装外套棉衣立领修身商务大码男装潮牌上衣', '899', '358', 'products/1/cs50002.png', '【型男卖点简介】该款凭借其独特的设计、精选的面料和一致的时尚理念，以质感都市，充满时尚感的设计风格， 简约毛呢大衣，修身不变形，不起球，国际大牌一样的面料！面料成分：77.8%聚酯纤维+22.2%粘纤 秋冬简约修身防静电呢风衣外套', '0', '2014-11-03 20:18:00', '5');
INSERT INTO `product` VALUES ('44', '冬装外套棉衣立领修身商务大码男装潮牌上衣', '899', '358', 'products/1/cs50003.png', '【型男卖点简介】该款凭借其独特的设计、精选的面料和一致的时尚理念，以质感都市，充满时尚感的设计风格， 简约毛呢大衣，修身不变形，不起球，国际大牌一样的面料！面料成分：77.8%聚酯纤维+22.2%粘纤 秋冬简约修身防静电呢风衣外套', '1', '2014-11-03 20:18:00', '5');
INSERT INTO `product` VALUES ('45', '冬装外套棉衣立领修身商务大码男装潮牌上衣', '899', '358', 'products/1/cs50004.png', '【型男卖点简介】该款凭借其独特的设计、精选的面料和一致的时尚理念，以质感都市，充满时尚感的设计风格， 简约毛呢大衣，修身不变形，不起球，国际大牌一样的面料！面料成分：77.8%聚酯纤维+22.2%粘纤 秋冬简约修身防静电呢风衣外套', '0', '2014-12-07 20:18:00', '5');
INSERT INTO `product` VALUES ('46', '冬装外套棉衣立领修身商务大码男装潮牌上衣', '899', '358', 'products/1/cs50005.png', '【型男卖点简介】该款凭借其独特的设计、精选的面料和一致的时尚理念，以质感都市，充满时尚感的设计风格， 简约毛呢大衣，修身不变形，不起球，国际大牌一样的面料！面料成分：77.8%聚酯纤维+22.2%粘纤 秋冬简约修身防静电呢风衣外套', '0', '2014-11-03 20:18:00', '5');
INSERT INTO `product` VALUES ('47', '冬装外套棉衣立领修身商务大码男装潮牌上衣', '899', '358', 'products/1/cs50006.png', '【型男卖点简介】该款凭借其独特的设计、精选的面料和一致的时尚理念，以质感都市，充满时尚感的设计风格， 简约毛呢大衣，修身不变形，不起球，国际大牌一样的面料！面料成分：77.8%聚酯纤维+22.2%粘纤 秋冬简约修身防静电呢风衣外套', '1', '2014-11-03 20:18:00', '5');
INSERT INTO `product` VALUES ('48', '冬装外套棉衣立领修身商务大码男装潮牌上衣', '899', '358', 'products/1/cs50007.png', '【型男卖点简介】该款凭借其独特的设计、精选的面料和一致的时尚理念，以质感都市，充满时尚感的设计风格， 简约毛呢大衣，修身不变形，不起球，国际大牌一样的面料！面料成分：77.8%聚酯纤维+22.2%粘纤 秋冬简约修身防静电呢风衣外套', '0', '2014-11-03 20:18:00', '5');
INSERT INTO `product` VALUES ('49', '冬装外套棉衣立领修身商务大码男装潮牌上衣', '899', '358', 'products/1/cs50008.png', '【型男卖点简介】该款凭借其独特的设计、精选的面料和一致的时尚理念，以质感都市，充满时尚感的设计风格， 简约毛呢大衣，修身不变形，不起球，国际大牌一样的面料！面料成分：77.8%聚酯纤维+22.2%粘纤 秋冬简约修身防静电呢风衣外套', '0', '2014-11-03 20:18:00', '5');
INSERT INTO `product` VALUES ('50', '冬装外套棉衣立领修身商务大码男装潮牌上衣', '899', '358', 'products/1/cs50009.png', '【型男卖点简介】该款凭借其独特的设计、精选的面料和一致的时尚理念，以质感都市，充满时尚感的设计风格， 简约毛呢大衣，修身不变形，不起球，国际大牌一样的面料！面料成分：77.8%聚酯纤维+22.2%粘纤 秋冬简约修身防静电呢风衣外套', '0', '2014-11-03 20:18:00', '5');
INSERT INTO `product` VALUES ('51', '冬装外套棉衣立领修身商务大码男装潮牌上衣', '899', '358', 'products/1/cs50010.png', '【型男卖点简介】该款凭借其独特的设计、精选的面料和一致的时尚理念，以质感都市，充满时尚感的设计风格， 简约毛呢大衣，修身不变形，不起球，国际大牌一样的面料！面料成分：77.8%聚酯纤维+22.2%粘纤 秋冬简约修身防静电呢风衣外套', '1', '2014-12-07 20:18:00', '5');
INSERT INTO `product` VALUES ('52', '商务修身羊毛呢子风衣 中长款呢大衣外套', '997', '299', 'products/1/cs60001.png', '冬装新品首发！大牌做工，顶级羊毛呢面料，穿着舒适保暖，冬季潮男必备品！新品预售价299元，预计涨到398！不要拿市场上那些低劣的毛呢大衣相比较，一分价钱一分货哦！买到就是赚到，支持7天无理由退换货，尺码不对，可享受免费换货！', '0', '2014-11-03 20:18:00', '6');
INSERT INTO `product` VALUES ('53', '商务修身羊毛呢子风衣 中长款呢大衣外套', '997', '299', 'products/1/cs60002.png', '冬装新品首发！大牌做工，顶级羊毛呢面料，穿着舒适保暖，冬季潮男必备品！新品预售价299元，预计涨到398！不要拿市场上那些低劣的毛呢大衣相比较，一分价钱一分货哦！买到就是赚到，支持7天无理由退换货，尺码不对，可享受免费换货！', '1', '2014-11-03 20:18:00', '6');
INSERT INTO `product` VALUES ('54', '商务修身羊毛呢子风衣 中长款呢大衣外套', '997', '299', 'products/1/cs60003.png', '冬装新品首发！大牌做工，顶级羊毛呢面料，穿着舒适保暖，冬季潮男必备品！新品预售价299元，预计涨到398！不要拿市场上那些低劣的毛呢大衣相比较，一分价钱一分货哦！买到就是赚到，支持7天无理由退换货，尺码不对，可享受免费换货！', '0', '2014-11-03 20:18:00', '6');
INSERT INTO `product` VALUES ('55', '商务修身羊毛呢子风衣 中长款呢大衣外套', '997', '299', 'products/1/cs60004.png', '冬装新品首发！大牌做工，顶级羊毛呢面料，穿着舒适保暖，冬季潮男必备品！新品预售价299元，预计涨到398！不要拿市场上那些低劣的毛呢大衣相比较，一分价钱一分货哦！买到就是赚到，支持7天无理由退换货，尺码不对，可享受免费换货！', '0', '2014-11-03 20:18:00', '6');
INSERT INTO `product` VALUES ('56', '商务修身羊毛呢子风衣 中长款呢大衣外套', '997', '299', 'products/1/cs60005.png', '冬装新品首发！大牌做工，顶级羊毛呢面料，穿着舒适保暖，冬季潮男必备品！新品预售价299元，预计涨到398！不要拿市场上那些低劣的毛呢大衣相比较，一分价钱一分货哦！买到就是赚到，支持7天无理由退换货，尺码不对，可享受免费换货！', '0', '2014-11-03 20:18:00', '6');
INSERT INTO `product` VALUES ('57', '商务修身羊毛呢子风衣 中长款呢大衣外套', '997', '299', 'products/1/cs60006.png', '冬装新品首发！大牌做工，顶级羊毛呢面料，穿着舒适保暖，冬季潮男必备品！新品预售价299元，预计涨到398！不要拿市场上那些低劣的毛呢大衣相比较，一分价钱一分货哦！买到就是赚到，支持7天无理由退换货，尺码不对，可享受免费换货！', '1', '2014-12-07 22:18:00', '6');
INSERT INTO `product` VALUES ('58', '商务修身羊毛呢子风衣 中长款呢大衣外套', '997', '299', 'products/1/cs60007.png', '冬装新品首发！大牌做工，顶级羊毛呢面料，穿着舒适保暖，冬季潮男必备品！新品预售价299元，预计涨到398！不要拿市场上那些低劣的毛呢大衣相比较，一分价钱一分货哦！买到就是赚到，支持7天无理由退换货，尺码不对，可享受免费换货！', '0', '2014-11-03 20:18:00', '6');
INSERT INTO `product` VALUES ('59', '商务修身羊毛呢子风衣 中长款呢大衣外套', '997', '299', 'products/1/cs60008.png', '冬装新品首发！大牌做工，顶级羊毛呢面料，穿着舒适保暖，冬季潮男必备品！新品预售价299元，预计涨到398！不要拿市场上那些低劣的毛呢大衣相比较，一分价钱一分货哦！买到就是赚到，支持7天无理由退换货，尺码不对，可享受免费换货！', '0', '2014-11-03 20:18:00', '6');
INSERT INTO `product` VALUES ('60', '商务修身羊毛呢子风衣 中长款呢大衣外套', '997', '299', 'products/1/cs60009.png', '冬装新品首发！大牌做工，顶级羊毛呢面料，穿着舒适保暖，冬季潮男必备品！新品预售价299元，预计涨到398！不要拿市场上那些低劣的毛呢大衣相比较，一分价钱一分货哦！买到就是赚到，支持7天无理由退换货，尺码不对，可享受免费换货！', '1', '2014-12-02 20:18:00', '6');
INSERT INTO `product` VALUES ('61', '商务修身羊毛呢子风衣 中长款呢大衣外套', '997', '299', 'products/1/cs60010.png', '冬装新品首发！大牌做工，顶级羊毛呢面料，穿着舒适保暖，冬季潮男必备品！新品预售价299元，预计涨到398！不要拿市场上那些低劣的毛呢大衣相比较，一分价钱一分货哦！买到就是赚到，支持7天无理由退换货，尺码不对，可享受免费换货！', '0', '2014-11-03 20:18:00', '6');
INSERT INTO `product` VALUES ('62', '韩版修身羽绒服加厚保暖可脱卸帽', '198', '83', 'products/1/cs70001.png', '羽绒棉服，保暖性比普通棉服高出3倍，价格合适，比羽绒服便宜3倍，超高性价比～～现亏本冲业绩，活动过后涨价为198元哦，亲们速抢～～！！', '1', '2014-11-03 20:18:00', '7');
INSERT INTO `product` VALUES ('63', '韩版修身羽绒服加厚保暖可脱卸帽', '198', '83', 'products/1/cs70002.png', '羽绒棉服，保暖性比普通棉服高出3倍，价格合适，比羽绒服便宜3倍，超高性价比～～现亏本冲业绩，活动过后涨价为198元哦，亲们速抢～～！！', '1', '2014-11-03 20:18:00', '7');
INSERT INTO `product` VALUES ('64', '韩版修身羽绒服加厚保暖可脱卸帽', '198', '83', 'products/1/cs70003.png', '羽绒棉服，保暖性比普通棉服高出3倍，价格合适，比羽绒服便宜3倍，超高性价比～～现亏本冲业绩，活动过后涨价为198元哦，亲们速抢～～！！', '0', '2014-11-03 20:18:00', '7');
INSERT INTO `product` VALUES ('65', '韩版修身羽绒服加厚保暖可脱卸帽', '198', '83', 'products/1/cs70004.png', '羽绒棉服，保暖性比普通棉服高出3倍，价格合适，比羽绒服便宜3倍，超高性价比～～现亏本冲业绩，活动过后涨价为198元哦，亲们速抢～～！！', '1', '2014-11-03 20:18:00', '7');
INSERT INTO `product` VALUES ('66', '韩版修身羽绒服加厚保暖可脱卸帽', '198', '83', 'products/1/cs70005.png', '羽绒棉服，保暖性比普通棉服高出3倍，价格合适，比羽绒服便宜3倍，超高性价比～～现亏本冲业绩，活动过后涨价为198元哦，亲们速抢～～！！', '0', '2014-11-03 20:18:00', '7');
INSERT INTO `product` VALUES ('67', '韩版修身羽绒服加厚保暖可脱卸帽', '198', '83', 'products/1/cs70006.png', '羽绒棉服，保暖性比普通棉服高出3倍，价格合适，比羽绒服便宜3倍，超高性价比～～现亏本冲业绩，活动过后涨价为198元哦，亲们速抢～～！！', '1', '2014-11-03 20:18:00', '7');
INSERT INTO `product` VALUES ('68', '韩版修身羽绒服加厚保暖可脱卸帽', '198', '83', 'products/1/cs70007.png', '羽绒棉服，保暖性比普通棉服高出3倍，价格合适，比羽绒服便宜3倍，超高性价比～～现亏本冲业绩，活动过后涨价为198元哦，亲们速抢～～！！', '1', '2014-12-04 20:18:00', '7');
INSERT INTO `product` VALUES ('69', '韩版修身羽绒服加厚保暖可脱卸帽', '198', '83', 'products/1/cs70008.png', '羽绒棉服，保暖性比普通棉服高出3倍，价格合适，比羽绒服便宜3倍，超高性价比～～现亏本冲业绩，活动过后涨价为198元哦，亲们速抢～～！！', '1', '2014-11-03 20:18:00', '7');
INSERT INTO `product` VALUES ('70', '韩版修身羽绒服加厚保暖可脱卸帽', '198', '83', 'products/1/cs70009.png', '羽绒棉服，保暖性比普通棉服高出3倍，价格合适，比羽绒服便宜3倍，超高性价比～～现亏本冲业绩，活动过后涨价为198元哦，亲们速抢～～！！', '0', '2014-11-03 20:18:00', '7');
INSERT INTO `product` VALUES ('71', '韩版修身羽绒服加厚保暖可脱卸帽', '198', '83', 'products/1/cs70010.png', '羽绒棉服，保暖性比普通棉服高出3倍，价格合适，比羽绒服便宜3倍，超高性价比～～现亏本冲业绩，活动过后涨价为198元哦，亲们速抢～～！！', '1', '2014-11-03 20:18:00', '7');

-- ----------------------------
-- Table structure for user
-- ----------------------------
DROP TABLE IF EXISTS `user`;
CREATE TABLE `user` (
  `uid` int(11) NOT NULL AUTO_INCREMENT,
  `username` varchar(255) NOT NULL,
  `password` varchar(255) NOT NULL,
  `name` varchar(255) DEFAULT NULL,
  `email` varchar(255) NOT NULL,
  `phone` varchar(255) DEFAULT NULL,
  `addr` varchar(255) DEFAULT NULL,
  `state` int(11) DEFAULT NULL,
  `code` varchar(64) DEFAULT NULL,
  PRIMARY KEY (`uid`)
) ENGINE=InnoDB AUTO_INCREMENT=16 DEFAULT CHARSET=utf8;

-- ----------------------------
-- Records of user
-- ----------------------------
INSERT INTO `user` VALUES ('10', 'jack', '123', '刘备', '347623882@qq.com', '18238736842', '北京市通州区光明路阳光小区23号', '0', null);
INSERT INTO `user` VALUES ('11', 'angela', '123', '张三', '23847297@qq.com', '13978342692', '南京市东西路', '0', null);
INSERT INTO `user` VALUES ('12', 'tom', '123', '汤姆', 'tom@sohu.com', '13587349284', '南通市通州区东海大道88号', '0', null);
INSERT INTO `user` VALUES ('13', 'sheldon', '123', '小明', '68344646@qq.com', '18965453446', '安徽省合肥市南京路阳光小区88号', '0', null);
INSERT INTO `user` VALUES ('14', 'Brad', '123', '布拉德皮特', '483085420@qq.com', '13554685648', '美国洛杉机布朗大道223号', '0', null);
INSERT INTO `user` VALUES ('15', 'morgan', '123', '摩根弗里曼', '68713687@qq.com', '18256489874', '美国华盛顿阳光大道水之街872号', '0', null);
